chapter,filename,language,bytes,lines,source
How to Download Your Code Repository,code_01.gleam,gleam (default),69,1,style/monospace
How to Download Your Code Repository,code_02.gleam,gleam (default),55,1,style/monospace
Installing Gleam and Setting Up the Development Environment,code_01.gleam,gleam (default),33,1,style/monospace
Installing Gleam and Setting Up the Development Environment,code_02.gleam,gleam (default),15,1,style/monospace
Installing Gleam and Setting Up the Development Environment,code_03.gleam,gleam (default),22,1,style/monospace
Installing Gleam and Setting Up the Development Environment,code_04.gleam,gleam (default),19,1,style/monospace
Installing Gleam and Setting Up the Development Environment,code_05.gleam,gleam (default),15,1,style/monospace
Installing Gleam and Setting Up the Development Environment,code_06.gleam,gleam (default),19,1,style/monospace
Installing Gleam and Setting Up the Development Environment,code_07.gleam,gleam (default),23,1,style/monospace
Installing Gleam and Setting Up the Development Environment,code_08.gleam,gleam (default),3,1,style/monospace
Installing Gleam and Setting Up the Development Environment,code_09.gleam,gleam (default),28,1,style/monospace
Installing Gleam and Setting Up the Development Environment,code_10.gleam,gleam (default),25,1,style/monospace
Installing Gleam and Setting Up the Development Environment,code_11.gleam,gleam (default),15,1,style/monospace
Installing Gleam and Setting Up the Development Environment,code_12.gleam,gleam (default),15,1,style/monospace
Installing Gleam and Setting Up the Development Environment,code_13.gleam,gleam (default),29,1,style/monospace
Installing Gleam and Setting Up the Development Environment,code_14.gleam,gleam (default),1,1,style/monospace
Installing Gleam and Setting Up the Development Environment,code_15.gleam,gleam (default),21,1,style/monospace
Installing Gleam and Setting Up the Development Environment,code_16.gleam,gleam (default),13,1,style/monospace
First Steps: Writing and Running Your First Program,code_01.gleam,gleam (default),20,1,style/monospace
First Steps: Writing and Running Your First Program,code_02.gleam,gleam (default),38,1,style/monospace
First Steps: Writing and Running Your First Program,code_03.gleam,gleam (default),19,1,style/monospace
First Steps: Writing and Running Your First Program,code_04.gleam,gleam (default),1,1,style/monospace
First Steps: Writing and Running Your First Program,code_05.gleam,gleam (default),35,1,style/monospace
First Steps: Writing and Running Your First Program,code_06.gleam,gleam (default),7,1,style/monospace
First Steps: Writing and Running Your First Program,code_07.gleam,gleam (default),1,1,style/monospace
First Steps: Writing and Running Your First Program,code_08.gleam,gleam (default),40,1,style/monospace
First Steps: Writing and Running Your First Program,code_09.gleam,gleam (default),7,1,style/monospace
First Steps: Writing and Running Your First Program,code_10.gleam,gleam (default),1,1,style/monospace
First Steps: Writing and Running Your First Program,code_11.gleam,gleam (default),17,1,style/monospace
First Steps: Writing and Running Your First Program,code_12.gleam,gleam (default),14,1,style/monospace
First Steps: Writing and Running Your First Program,code_13.gleam,gleam (default),15,1,style/monospace
First Steps: Writing and Running Your First Program,code_14.gleam,gleam (default),15,1,style/monospace
First Steps: Writing and Running Your First Program,code_15.gleam,gleam (default),29,1,style/monospace
First Steps: Writing and Running Your First Program,code_16.gleam,gleam (default),1,1,style/monospace
First Steps: Writing and Running Your First Program,code_17.gleam,gleam (default),21,1,style/monospace
First Steps: Writing and Running Your First Program,code_18.gleam,gleam (default),13,1,style/monospace
First Steps: Writing and Running Your First Program,code_19.gleam,gleam (default),30,1,style/monospace
First Steps: Writing and Running Your First Program,code_20.gleam,gleam (default),42,1,style/monospace
First Steps: Writing and Running Your First Program,code_21.gleam,gleam (default),21,1,style/monospace
First Steps: Writing and Running Your First Program,code_22.gleam,gleam (default),44,1,style/monospace
Understanding Variables and Data Types,code_01.gleam,gleam (default),18,1,style/monospace
Understanding Variables and Data Types,code_02.gleam,gleam (default),17,1,style/monospace
Understanding Variables and Data Types,code_03.gleam,gleam (default),19,1,style/monospace
Understanding Variables and Data Types,code_04.gleam,gleam (default),24,1,style/monospace
Understanding Variables and Data Types,code_05.gleam,gleam (default),25,1,style/monospace
Understanding Variables and Data Types,code_06.gleam,gleam (default),37,1,style/monospace
Understanding Variables and Data Types,code_07.gleam,gleam (default),22,1,style/monospace
Understanding Variables and Data Types,code_08.gleam,gleam (default),59,1,style/monospace
Understanding Variables and Data Types,code_09.gleam,gleam (default),57,1,style/monospace
Understanding Variables and Data Types,code_10.gleam,gleam (default),41,1,style/monospace
Understanding Variables and Data Types,code_11.gleam,gleam (default),26,1,style/monospace
Understanding Variables and Data Types,code_12.gleam,gleam (default),27,1,style/monospace
Understanding Variables and Data Types,code_13.gleam,gleam (default),54,1,style/monospace
Understanding Variables and Data Types,code_14.gleam,gleam (default),84,1,style/monospace
Understanding Variables and Data Types,code_15.gleam,gleam (default),62,1,style/monospace
Understanding Variables and Data Types,code_16.gleam,gleam (default),15,1,style/monospace
Understanding Variables and Data Types,code_17.gleam,gleam (default),15,1,style/monospace
Understanding Variables and Data Types,code_18.gleam,gleam (default),19,1,style/monospace
Understanding Variables and Data Types,code_19.gleam,gleam (default),20,1,style/monospace
Understanding Variables and Data Types,code_20.gleam,gleam (default),23,1,style/monospace
Understanding Variables and Data Types,code_21.gleam,gleam (default),27,1,style/monospace
Understanding Variables and Data Types,code_22.gleam,gleam (default),43,1,style/monospace
Understanding Variables and Data Types,code_23.gleam,gleam (default),51,1,style/monospace
Understanding Variables and Data Types,code_24.gleam,gleam (default),19,1,style/monospace
Understanding Variables and Data Types,code_25.gleam,gleam (default),32,1,style/monospace
Understanding Variables and Data Types,code_26.gleam,gleam (default),54,1,style/monospace
Understanding Variables and Data Types,code_27.gleam,gleam (default),1,1,style/monospace
Understanding Variables and Data Types,code_28.gleam,gleam (default),7,1,style/monospace
Understanding Variables and Data Types,code_29.gleam,gleam (default),11,1,style/monospace
Understanding Variables and Data Types,code_30.gleam,gleam (default),14,1,style/monospace
Understanding Variables and Data Types,code_31.gleam,gleam (default),15,1,style/monospace
Understanding Variables and Data Types,code_32.gleam,gleam (default),15,1,style/monospace
Understanding Variables and Data Types,code_33.gleam,gleam (default),48,1,style/monospace
Understanding Variables and Data Types,code_34.gleam,gleam (default),58,1,style/monospace
Understanding Variables and Data Types,code_35.gleam,gleam (default),54,1,style/monospace
Understanding Variables and Data Types,code_36.gleam,gleam (default),1,1,style/monospace
Understanding Variables and Data Types,code_37.gleam,gleam (default),18,1,style/monospace
Operators and Expressions in Practice,code_01.gleam,gleam (default),15,1,style/monospace
Operators and Expressions in Practice,code_02.gleam,gleam (default),14,1,style/monospace
Operators and Expressions in Practice,code_03.gleam,gleam (default),15,1,style/monospace
Operators and Expressions in Practice,code_04.gleam,gleam (default),16,1,style/monospace
Operators and Expressions in Practice,code_05.gleam,gleam (default),19,1,style/monospace
Operators and Expressions in Practice,code_06.gleam,gleam (default),20,1,style/monospace
Operators and Expressions in Practice,code_07.gleam,gleam (default),21,1,style/monospace
Operators and Expressions in Practice,code_08.gleam,gleam (default),68,1,style/monospace
Operators and Expressions in Practice,code_09.gleam,gleam (default),74,1,style/monospace
Operators and Expressions in Practice,code_10.gleam,gleam (default),72,1,style/monospace
Operators and Expressions in Practice,code_11.gleam,gleam (default),74,1,style/monospace
Operators and Expressions in Practice,code_12.gleam,gleam (default),77,1,style/monospace
Operators and Expressions in Practice,code_13.gleam,gleam (default),14,1,style/monospace
Operators and Expressions in Practice,code_14.gleam,gleam (default),15,1,style/monospace
Operators and Expressions in Practice,code_15.gleam,gleam (default),31,1,style/monospace
Operators and Expressions in Practice,code_16.gleam,gleam (default),31,1,style/monospace
Operators and Expressions in Practice,code_17.gleam,gleam (default),30,1,style/monospace
Operators and Expressions in Practice,code_18.gleam,gleam (default),33,1,style/monospace
Operators and Expressions in Practice,code_19.gleam,gleam (default),81,1,style/monospace
Operators and Expressions in Practice,code_20.gleam,gleam (default),80,1,style/monospace
Operators and Expressions in Practice,code_21.gleam,gleam (default),79,1,style/monospace
Operators and Expressions in Practice,code_22.gleam,gleam (default),80,1,style/monospace
Operators and Expressions in Practice,code_23.gleam,gleam (default),19,1,style/monospace
Operators and Expressions in Practice,code_24.gleam,gleam (default),22,1,style/monospace
Operators and Expressions in Practice,code_25.gleam,gleam (default),53,1,style/monospace
Operators and Expressions in Practice,code_26.gleam,gleam (default),40,1,style/monospace
Operators and Expressions in Practice,code_27.gleam,gleam (default),100,1,style/monospace
Operators and Expressions in Practice,code_28.gleam,gleam (default),90,1,style/monospace
Operators and Expressions in Practice,code_29.gleam,gleam (default),24,1,style/monospace
Operators and Expressions in Practice,code_30.gleam,gleam (default),18,1,style/monospace
Operators and Expressions in Practice,code_31.gleam,gleam (default),30,1,style/monospace
Operators and Expressions in Practice,code_32.gleam,gleam (default),44,1,style/monospace
Operators and Expressions in Practice,code_33.gleam,gleam (default),18,1,style/monospace
Operators and Expressions in Practice,code_34.gleam,gleam (default),32,1,style/monospace
Operators and Expressions in Practice,code_35.gleam,gleam (default),85,1,style/monospace
Operators and Expressions in Practice,code_36.gleam,gleam (default),29,1,style/monospace
Operators and Expressions in Practice,code_37.gleam,gleam (default),43,1,style/monospace
Operators and Expressions in Practice,code_38.gleam,gleam (default),67,1,style/monospace
Operators and Expressions in Practice,code_39.gleam,gleam (default),24,1,style/monospace
Operators and Expressions in Practice,code_40.gleam,gleam (default),12,1,style/monospace
Operators and Expressions in Practice,code_41.gleam,gleam (default),85,1,style/monospace
Operators and Expressions in Practice,code_42.gleam,gleam (default),32,1,style/monospace
Operators and Expressions in Practice,code_43.gleam,gleam (default),1,1,style/monospace
Operators and Expressions in Practice,code_44.gleam,gleam (default),40,1,style/monospace
Operators and Expressions in Practice,code_45.gleam,gleam (default),14,1,style/monospace
Operators and Expressions in Practice,code_46.gleam,gleam (default),138,1,style/monospace
Operators and Expressions in Practice,code_47.gleam,gleam (default),39,1,style/monospace
Operators and Expressions in Practice,code_48.gleam,gleam (default),1,1,style/monospace
Operators and Expressions in Practice,code_49.gleam,gleam (default),15,1,style/monospace
Operators and Expressions in Practice,code_50.gleam,gleam (default),15,1,style/monospace
Operators and Expressions in Practice,code_51.gleam,gleam (default),26,1,style/monospace
Operators and Expressions in Practice,code_52.gleam,gleam (default),24,1,style/monospace
Operators and Expressions in Practice,code_53.gleam,gleam (default),27,1,style/monospace
Operators and Expressions in Practice,code_54.gleam,gleam (default),40,1,style/monospace
Operators and Expressions in Practice,code_55.gleam,gleam (default),47,1,style/monospace
Operators and Expressions in Practice,code_56.gleam,gleam (default),57,1,style/monospace
Operators and Expressions in Practice,code_57.gleam,gleam (default),1,1,style/monospace
Operators and Expressions in Practice,code_58.gleam,gleam (default),11,1,style/monospace
Operators and Expressions in Practice,code_59.gleam,gleam (default),15,1,style/monospace
Operators and Expressions in Practice,code_60.gleam,gleam (default),15,1,style/monospace
Operators and Expressions in Practice,code_61.gleam,gleam (default),19,1,style/monospace
Operators and Expressions in Practice,code_62.gleam,gleam (default),15,1,style/monospace
Operators and Expressions in Practice,code_63.gleam,gleam (default),61,1,style/monospace
Operators and Expressions in Practice,code_64.gleam,gleam (default),41,1,style/monospace
Operators and Expressions in Practice,code_65.gleam,gleam (default),29,1,style/monospace
Operators and Expressions in Practice,code_66.gleam,gleam (default),86,1,style/monospace
Operators and Expressions in Practice,code_67.gleam,gleam (default),4,1,style/monospace
Operators and Expressions in Practice,code_68.gleam,gleam (default),1,1,style/monospace
Operators and Expressions in Practice,code_69.gleam,gleam (default),22,1,style/monospace
Operators and Expressions in Practice,code_70.gleam,gleam (default),19,1,style/monospace
Operators and Expressions in Practice,code_71.gleam,gleam (default),18,1,style/monospace
Operators and Expressions in Practice,code_72.gleam,gleam (default),28,1,style/monospace
Operators and Expressions in Practice,code_73.gleam,gleam (default),29,1,style/monospace
Operators and Expressions in Practice,code_74.gleam,gleam (default),25,1,style/monospace
"Control Flow Basics: If, Else, and Loops",code_01.gleam,gleam (default),14,1,style/monospace
"Control Flow Basics: If, Else, and Loops",code_02.gleam,gleam (default),45,1,style/monospace
"Control Flow Basics: If, Else, and Loops",code_03.gleam,gleam (default),8,1,style/monospace
"Control Flow Basics: If, Else, and Loops",code_04.gleam,gleam (default),46,1,style/monospace
"Control Flow Basics: If, Else, and Loops",code_05.gleam,gleam (default),1,1,style/monospace
"Control Flow Basics: If, Else, and Loops",code_06.gleam,gleam (default),15,1,style/monospace
"Control Flow Basics: If, Else, and Loops",code_07.gleam,gleam (default),15,1,style/monospace
"Control Flow Basics: If, Else, and Loops",code_08.gleam,gleam (default),19,1,style/monospace
"Control Flow Basics: If, Else, and Loops",code_09.gleam,gleam (default),16,1,style/monospace
"Control Flow Basics: If, Else, and Loops",code_10.gleam,gleam (default),35,1,style/monospace
"Control Flow Basics: If, Else, and Loops",code_11.gleam,gleam (default),10,1,style/monospace
"Control Flow Basics: If, Else, and Loops",code_12.gleam,gleam (default),34,1,style/monospace
"Control Flow Basics: If, Else, and Loops",code_13.gleam,gleam (default),3,1,style/monospace
"Control Flow Basics: If, Else, and Loops",code_14.gleam,gleam (default),1,1,style/monospace
"Control Flow Basics: If, Else, and Loops",code_15.gleam,gleam (default),17,1,style/monospace
"Control Flow Basics: If, Else, and Loops",code_16.gleam,gleam (default),15,1,style/monospace
"Control Flow Basics: If, Else, and Loops",code_17.gleam,gleam (default),15,1,style/monospace
"Control Flow Basics: If, Else, and Loops",code_18.gleam,gleam (default),48,1,style/monospace
"Control Flow Basics: If, Else, and Loops",code_19.gleam,gleam (default),25,1,style/monospace
"Control Flow Basics: If, Else, and Loops",code_20.gleam,gleam (default),37,1,style/monospace
"Control Flow Basics: If, Else, and Loops",code_21.gleam,gleam (default),3,1,style/monospace
"Control Flow Basics: If, Else, and Loops",code_22.gleam,gleam (default),1,1,style/monospace
"Control Flow Basics: If, Else, and Loops",code_23.gleam,gleam (default),1,1,style/monospace
"Control Flow Basics: If, Else, and Loops",code_24.gleam,gleam (default),1,1,style/monospace
"Control Flow Basics: If, Else, and Loops",code_25.gleam,gleam (default),1,1,style/monospace
"Control Flow Basics: If, Else, and Loops",code_26.gleam,gleam (default),1,1,style/monospace
"Control Flow Basics: If, Else, and Loops",code_27.gleam,gleam (default),1,1,style/monospace
"Control Flow Basics: If, Else, and Loops",code_28.gleam,gleam (default),15,1,style/monospace
"Control Flow Basics: If, Else, and Loops",code_29.gleam,gleam (default),26,1,style/monospace
"Control Flow Basics: If, Else, and Loops",code_30.gleam,gleam (default),13,1,style/monospace
"Control Flow Basics: If, Else, and Loops",code_31.gleam,gleam (default),27,1,style/monospace
"Control Flow Basics: If, Else, and Loops",code_32.gleam,gleam (default),10,1,style/monospace
"Control Flow Basics: If, Else, and Loops",code_33.gleam,gleam (default),32,1,style/monospace
"Control Flow Basics: If, Else, and Loops",code_34.gleam,gleam (default),20,1,style/monospace
"Control Flow Basics: If, Else, and Loops",code_35.gleam,gleam (default),3,1,style/monospace
"Control Flow Basics: If, Else, and Loops",code_36.gleam,gleam (default),1,1,style/monospace
"Control Flow Basics: If, Else, and Loops",code_37.gleam,gleam (default),15,1,style/monospace
"Control Flow Basics: If, Else, and Loops",code_38.gleam,gleam (default),14,1,style/monospace
"Control Flow Basics: If, Else, and Loops",code_39.gleam,gleam (default),1,1,style/monospace
"Control Flow Basics: If, Else, and Loops",code_40.gleam,gleam (default),1,1,style/monospace
"Control Flow Basics: If, Else, and Loops",code_41.gleam,gleam (default),1,1,style/monospace
"Control Flow Basics: If, Else, and Loops",code_42.gleam,gleam (default),1,1,style/monospace
"Control Flow Basics: If, Else, and Loops",code_43.gleam,gleam (default),1,1,style/monospace
"Control Flow Basics: If, Else, and Loops",code_44.gleam,gleam (default),1,1,style/monospace
"Control Flow Basics: If, Else, and Loops",code_45.gleam,gleam (default),9,1,style/monospace
"Control Flow Basics: If, Else, and Loops",code_46.gleam,gleam (default),15,1,style/monospace
"Control Flow Basics: If, Else, and Loops",code_47.gleam,gleam (default),15,1,style/monospace
"Control Flow Basics: If, Else, and Loops",code_48.gleam,gleam (default),27,1,style/monospace
"Control Flow Basics: If, Else, and Loops",code_49.gleam,gleam (default),14,1,style/monospace
"Control Flow Basics: If, Else, and Loops",code_50.gleam,gleam (default),87,1,style/monospace
"Control Flow Basics: If, Else, and Loops",code_51.gleam,gleam (default),40,1,style/monospace
"Control Flow Basics: If, Else, and Loops",code_52.gleam,gleam (default),3,1,style/monospace
"Control Flow Basics: If, Else, and Loops",code_53.gleam,gleam (default),1,1,style/monospace
"Control Flow Basics: If, Else, and Loops",code_54.gleam,gleam (default),12,1,style/monospace
"Control Flow Basics: If, Else, and Loops",code_55.gleam,gleam (default),15,1,style/monospace
"Control Flow Basics: If, Else, and Loops",code_56.gleam,gleam (default),15,1,style/monospace
"Control Flow Basics: If, Else, and Loops",code_57.gleam,gleam (default),42,1,style/monospace
"Control Flow Basics: If, Else, and Loops",code_58.gleam,gleam (default),16,1,style/monospace
"Control Flow Basics: If, Else, and Loops",code_59.gleam,gleam (default),136,1,style/monospace
"Control Flow Basics: If, Else, and Loops",code_60.gleam,gleam (default),41,1,style/monospace
"Control Flow Basics: If, Else, and Loops",code_61.gleam,gleam (default),3,1,style/monospace
"Control Flow Basics: If, Else, and Loops",code_62.gleam,gleam (default),1,1,style/monospace
"Control Flow Basics: If, Else, and Loops",code_63.gleam,gleam (default),32,1,style/monospace
"Control Flow Basics: If, Else, and Loops",code_64.gleam,gleam (default),15,1,style/monospace
"Control Flow Basics: If, Else, and Loops",code_65.gleam,gleam (default),40,1,style/monospace
"Control Flow Basics: If, Else, and Loops",code_66.gleam,gleam (default),66,1,style/monospace
"Control Flow Basics: If, Else, and Loops",code_67.gleam,gleam (default),8,1,style/monospace
"Control Flow Basics: If, Else, and Loops",code_68.gleam,gleam (default),10,1,style/monospace
"Control Flow Basics: If, Else, and Loops",code_69.gleam,gleam (default),9,1,style/monospace
"Control Flow Basics: If, Else, and Loops",code_70.gleam,gleam (default),3,1,style/monospace
"Control Flow Basics: If, Else, and Loops",code_71.gleam,gleam (default),1,1,style/monospace
"Control Flow Basics: If, Else, and Loops",code_72.gleam,gleam (default),15,1,style/monospace
"Control Flow Basics: If, Else, and Loops",code_73.gleam,gleam (default),17,1,style/monospace
"Control Flow Basics: If, Else, and Loops",code_74.gleam,gleam (default),99,1,style/monospace
"Control Flow Basics: If, Else, and Loops",code_75.gleam,gleam (default),1,1,style/monospace
"Control Flow Basics: If, Else, and Loops",code_76.gleam,gleam (default),15,1,style/monospace
"Control Flow Basics: If, Else, and Loops",code_77.gleam,gleam (default),15,1,style/monospace
"Control Flow Basics: If, Else, and Loops",code_78.gleam,gleam (default),69,1,style/monospace
"Control Flow Basics: If, Else, and Loops",code_79.gleam,gleam (default),115,1,style/monospace
"Control Flow Basics: If, Else, and Loops",code_80.gleam,gleam (default),1,1,style/monospace
Functions and Procedures at a Beginner Level,code_01.gleam,gleam (default),72,1,style/monospace
Functions and Procedures at a Beginner Level,code_02.gleam,gleam (default),18,1,style/monospace
Functions and Procedures at a Beginner Level,code_03.gleam,gleam (default),15,1,style/monospace
Functions and Procedures at a Beginner Level,code_04.gleam,gleam (default),1,1,style/monospace
Functions and Procedures at a Beginner Level,code_05.gleam,gleam (default),35,1,style/monospace
Functions and Procedures at a Beginner Level,code_06.gleam,gleam (default),7,1,style/monospace
Functions and Procedures at a Beginner Level,code_07.gleam,gleam (default),1,1,style/monospace
Functions and Procedures at a Beginner Level,code_08.gleam,gleam (default),19,1,style/monospace
Functions and Procedures at a Beginner Level,code_09.gleam,gleam (default),43,1,style/monospace
Functions and Procedures at a Beginner Level,code_10.gleam,gleam (default),40,1,style/monospace
Functions and Procedures at a Beginner Level,code_11.gleam,gleam (default),7,1,style/monospace
Functions and Procedures at a Beginner Level,code_12.gleam,gleam (default),1,1,style/monospace
Functions and Procedures at a Beginner Level,code_13.gleam,gleam (default),39,1,style/monospace
Functions and Procedures at a Beginner Level,code_14.gleam,gleam (default),21,1,style/monospace
Functions and Procedures at a Beginner Level,code_15.gleam,gleam (default),1,1,style/monospace
Functions and Procedures at a Beginner Level,code_16.gleam,gleam (default),33,1,style/monospace
Functions and Procedures at a Beginner Level,code_17.gleam,gleam (default),13,1,style/monospace
Functions and Procedures at a Beginner Level,code_18.gleam,gleam (default),5,1,style/monospace
Functions and Procedures at a Beginner Level,code_19.gleam,gleam (default),10,1,style/monospace
Functions and Procedures at a Beginner Level,code_20.gleam,gleam (default),24,1,style/monospace
Functions and Procedures at a Beginner Level,code_21.gleam,gleam (default),3,1,style/monospace
Functions and Procedures at a Beginner Level,code_22.gleam,gleam (default),1,1,style/monospace
Functions and Procedures at a Beginner Level,code_23.gleam,gleam (default),25,1,style/monospace
Functions and Procedures at a Beginner Level,code_24.gleam,gleam (default),48,1,style/monospace
Functions and Procedures at a Beginner Level,code_25.gleam,gleam (default),3,1,style/monospace
Functions and Procedures at a Beginner Level,code_26.gleam,gleam (default),33,1,style/monospace
Functions and Procedures at a Beginner Level,code_27.gleam,gleam (default),13,1,style/monospace
Functions and Procedures at a Beginner Level,code_28.gleam,gleam (default),5,1,style/monospace
Functions and Procedures at a Beginner Level,code_29.gleam,gleam (default),20,1,style/monospace
Functions and Procedures at a Beginner Level,code_30.gleam,gleam (default),5,1,style/monospace
Functions and Procedures at a Beginner Level,code_31.gleam,gleam (default),10,1,style/monospace
Functions and Procedures at a Beginner Level,code_32.gleam,gleam (default),39,1,style/monospace
Functions and Procedures at a Beginner Level,code_33.gleam,gleam (default),3,1,style/monospace
Functions and Procedures at a Beginner Level,code_34.gleam,gleam (default),1,1,style/monospace
Functions and Procedures at a Beginner Level,code_35.gleam,gleam (default),15,1,style/monospace
Functions and Procedures at a Beginner Level,code_36.gleam,gleam (default),27,1,style/monospace
Functions and Procedures at a Beginner Level,code_37.gleam,gleam (default),48,1,style/monospace
Functions and Procedures at a Beginner Level,code_38.gleam,gleam (default),1,1,style/monospace
Functions and Procedures at a Beginner Level,code_39.gleam,gleam (default),1,1,style/monospace
Functions and Procedures at a Beginner Level,code_40.gleam,gleam (default),33,1,style/monospace
Functions and Procedures at a Beginner Level,code_41.gleam,gleam (default),13,1,style/monospace
Functions and Procedures at a Beginner Level,code_42.gleam,gleam (default),9,1,style/monospace
Functions and Procedures at a Beginner Level,code_43.gleam,gleam (default),10,1,style/monospace
Functions and Procedures at a Beginner Level,code_44.gleam,gleam (default),21,1,style/monospace
Functions and Procedures at a Beginner Level,code_45.gleam,gleam (default),3,1,style/monospace
Functions and Procedures at a Beginner Level,code_46.gleam,gleam (default),1,1,style/monospace
Functions and Procedures at a Beginner Level,code_47.gleam,gleam (default),44,1,style/monospace
Functions and Procedures at a Beginner Level,code_48.gleam,gleam (default),16,1,style/monospace
Functions and Procedures at a Beginner Level,code_49.gleam,gleam (default),8,1,style/monospace
Functions and Procedures at a Beginner Level,code_50.gleam,gleam (default),24,1,style/monospace
Functions and Procedures at a Beginner Level,code_51.gleam,gleam (default),9,1,style/monospace
Functions and Procedures at a Beginner Level,code_52.gleam,gleam (default),10,1,style/monospace
Functions and Procedures at a Beginner Level,code_53.gleam,gleam (default),25,1,style/monospace
Functions and Procedures at a Beginner Level,code_54.gleam,gleam (default),3,1,style/monospace
Functions and Procedures at a Beginner Level,code_55.gleam,gleam (default),1,1,style/monospace
Functions and Procedures at a Beginner Level,code_56.gleam,gleam (default),15,1,style/monospace
Functions and Procedures at a Beginner Level,code_57.gleam,gleam (default),26,1,style/monospace
Functions and Procedures at a Beginner Level,code_58.gleam,gleam (default),52,1,style/monospace
Functions and Procedures at a Beginner Level,code_59.gleam,gleam (default),1,1,style/monospace
Functions and Procedures at a Beginner Level,code_60.gleam,gleam (default),4,1,style/monospace
Functions and Procedures at a Beginner Level,code_61.gleam,gleam (default),44,1,style/monospace
Functions and Procedures at a Beginner Level,code_62.gleam,gleam (default),48,1,style/monospace
Functions and Procedures at a Beginner Level,code_63.gleam,gleam (default),1,1,style/monospace
Functions and Procedures at a Beginner Level,code_64.gleam,gleam (default),15,1,style/monospace
Functions and Procedures at a Beginner Level,code_65.gleam,gleam (default),48,1,style/monospace
Functions and Procedures at a Beginner Level,code_66.gleam,gleam (default),32,1,style/monospace
Functions and Procedures at a Beginner Level,code_67.gleam,gleam (default),49,1,style/monospace
Functions and Procedures at a Beginner Level,code_68.gleam,gleam (default),1,1,style/monospace
Functions and Procedures at a Beginner Level,code_69.gleam,gleam (default),2,1,style/monospace
"Working with Simple Data Structures (Lists, Arrays, Dictionaries)",code_01.gleam,gleam (default),57,1,style/monospace
"Working with Simple Data Structures (Lists, Arrays, Dictionaries)",code_02.gleam,gleam (default),14,1,style/monospace
"Working with Simple Data Structures (Lists, Arrays, Dictionaries)",code_03.gleam,gleam (default),101,1,style/monospace
"Working with Simple Data Structures (Lists, Arrays, Dictionaries)",code_04.gleam,gleam (default),40,1,style/monospace
"Working with Simple Data Structures (Lists, Arrays, Dictionaries)",code_05.gleam,gleam (default),1,1,style/monospace
"Working with Simple Data Structures (Lists, Arrays, Dictionaries)",code_06.gleam,gleam (default),44,1,style/monospace
"Working with Simple Data Structures (Lists, Arrays, Dictionaries)",code_07.gleam,gleam (default),25,1,style/monospace
"Working with Simple Data Structures (Lists, Arrays, Dictionaries)",code_08.gleam,gleam (default),27,1,style/monospace
"Working with Simple Data Structures (Lists, Arrays, Dictionaries)",code_09.gleam,gleam (default),106,1,style/monospace
"Working with Simple Data Structures (Lists, Arrays, Dictionaries)",code_10.gleam,gleam (default),30,1,style/monospace
"Working with Simple Data Structures (Lists, Arrays, Dictionaries)",code_11.gleam,gleam (default),66,1,style/monospace
"Working with Simple Data Structures (Lists, Arrays, Dictionaries)",code_12.gleam,gleam (default),45,1,style/monospace
"Working with Simple Data Structures (Lists, Arrays, Dictionaries)",code_13.gleam,gleam (default),1,1,style/monospace
"Working with Simple Data Structures (Lists, Arrays, Dictionaries)",code_14.gleam,gleam (default),45,1,style/monospace
"Working with Simple Data Structures (Lists, Arrays, Dictionaries)",code_15.gleam,gleam (default),46,1,style/monospace
"Working with Simple Data Structures (Lists, Arrays, Dictionaries)",code_16.gleam,gleam (default),26,1,style/monospace
"Working with Simple Data Structures (Lists, Arrays, Dictionaries)",code_17.gleam,gleam (default),56,1,style/monospace
"Working with Simple Data Structures (Lists, Arrays, Dictionaries)",code_18.gleam,gleam (default),2,1,style/monospace
"Working with Simple Data Structures (Lists, Arrays, Dictionaries)",code_19.gleam,gleam (default),87,1,style/monospace
"Working with Simple Data Structures (Lists, Arrays, Dictionaries)",code_20.gleam,gleam (default),32,1,style/monospace
"Working with Simple Data Structures (Lists, Arrays, Dictionaries)",code_21.gleam,gleam (default),67,1,style/monospace
"Working with Simple Data Structures (Lists, Arrays, Dictionaries)",code_22.gleam,gleam (default),2,1,style/monospace
"Working with Simple Data Structures (Lists, Arrays, Dictionaries)",code_23.gleam,gleam (default),21,1,style/monospace
"Working with Simple Data Structures (Lists, Arrays, Dictionaries)",code_24.gleam,gleam (default),19,1,style/monospace
"Working with Simple Data Structures (Lists, Arrays, Dictionaries)",code_25.gleam,gleam (default),23,1,style/monospace
"Working with Simple Data Structures (Lists, Arrays, Dictionaries)",code_26.gleam,gleam (default),46,1,style/monospace
"Working with Simple Data Structures (Lists, Arrays, Dictionaries)",code_27.gleam,gleam (default),54,1,style/monospace
"Working with Simple Data Structures (Lists, Arrays, Dictionaries)",code_28.gleam,gleam (default),52,1,style/monospace
"Working with Simple Data Structures (Lists, Arrays, Dictionaries)",code_29.gleam,gleam (default),23,1,style/monospace
"Working with Simple Data Structures (Lists, Arrays, Dictionaries)",code_30.gleam,gleam (default),15,1,style/monospace
"Working with Simple Data Structures (Lists, Arrays, Dictionaries)",code_31.gleam,gleam (default),15,1,style/monospace
"Working with Simple Data Structures (Lists, Arrays, Dictionaries)",code_32.gleam,gleam (default),54,1,style/monospace
"Working with Simple Data Structures (Lists, Arrays, Dictionaries)",code_33.gleam,gleam (default),54,1,style/monospace
"Working with Simple Data Structures (Lists, Arrays, Dictionaries)",code_34.gleam,gleam (default),65,1,style/monospace
"Working with Simple Data Structures (Lists, Arrays, Dictionaries)",code_35.gleam,gleam (default),58,1,style/monospace
"Working with Simple Data Structures (Lists, Arrays, Dictionaries)",code_36.gleam,gleam (default),54,1,style/monospace
"Working with Simple Data Structures (Lists, Arrays, Dictionaries)",code_37.gleam,gleam (default),70,1,style/monospace
"Working with Simple Data Structures (Lists, Arrays, Dictionaries)",code_38.gleam,gleam (default),1,1,style/monospace
"Working with Simple Data Structures (Lists, Arrays, Dictionaries)",code_39.gleam,gleam (default),15,1,style/monospace
"Working with Simple Data Structures (Lists, Arrays, Dictionaries)",code_40.gleam,gleam (default),48,1,style/monospace
"Working with Simple Data Structures (Lists, Arrays, Dictionaries)",code_41.gleam,gleam (default),38,1,style/monospace
"Working with Simple Data Structures (Lists, Arrays, Dictionaries)",code_42.gleam,gleam (default),66,1,style/monospace
"Working with Simple Data Structures (Lists, Arrays, Dictionaries)",code_43.gleam,gleam (default),1,1,style/monospace
"Working with Simple Data Structures (Lists, Arrays, Dictionaries)",code_44.gleam,gleam (default),93,1,style/monospace
"Working with Simple Data Structures (Lists, Arrays, Dictionaries)",code_45.gleam,gleam (default),26,1,style/monospace
"Working with Simple Data Structures (Lists, Arrays, Dictionaries)",code_46.gleam,gleam (default),1,1,style/monospace
"Working with Simple Data Structures (Lists, Arrays, Dictionaries)",code_47.gleam,gleam (default),15,1,style/monospace
"Working with Simple Data Structures (Lists, Arrays, Dictionaries)",code_48.gleam,gleam (default),68,1,style/monospace
"Working with Simple Data Structures (Lists, Arrays, Dictionaries)",code_49.gleam,gleam (default),70,1,style/monospace
"Working with Simple Data Structures (Lists, Arrays, Dictionaries)",code_50.gleam,gleam (default),40,1,style/monospace
"Working with Simple Data Structures (Lists, Arrays, Dictionaries)",code_51.gleam,gleam (default),36,1,style/monospace
"Working with Simple Data Structures (Lists, Arrays, Dictionaries)",code_52.gleam,gleam (default),69,1,style/monospace
"Working with Simple Data Structures (Lists, Arrays, Dictionaries)",code_53.gleam,gleam (default),4,1,style/monospace
"Working with Simple Data Structures (Lists, Arrays, Dictionaries)",code_54.gleam,gleam (default),1,1,style/monospace
"Working with Simple Data Structures (Lists, Arrays, Dictionaries)",code_55.gleam,gleam (default),21,1,style/monospace
"Working with Simple Data Structures (Lists, Arrays, Dictionaries)",code_56.gleam,gleam (default),19,1,style/monospace
"Working with Simple Data Structures (Lists, Arrays, Dictionaries)",code_57.gleam,gleam (default),23,1,style/monospace
Error Messages and Debugging for Beginners,code_01.gleam,gleam (default),66,1,style/monospace
Error Messages and Debugging for Beginners,code_02.gleam,gleam (default),40,1,style/monospace
Error Messages and Debugging for Beginners,code_03.gleam,gleam (default),76,1,style/monospace
Error Messages and Debugging for Beginners,code_04.gleam,gleam (default),66,1,style/monospace
Error Messages and Debugging for Beginners,code_05.gleam,gleam (default),26,1,style/monospace
Error Messages and Debugging for Beginners,code_06.gleam,gleam (default),58,1,style/monospace
Error Messages and Debugging for Beginners,code_07.gleam,gleam (default),35,1,style/monospace
Error Messages and Debugging for Beginners,code_08.gleam,gleam (default),7,1,style/monospace
Error Messages and Debugging for Beginners,code_09.gleam,gleam (default),1,1,style/monospace
Error Messages and Debugging for Beginners,code_10.gleam,gleam (default),40,1,style/monospace
Error Messages and Debugging for Beginners,code_11.gleam,gleam (default),71,1,style/monospace
Error Messages and Debugging for Beginners,code_12.gleam,gleam (default),57,1,style/monospace
Error Messages and Debugging for Beginners,code_13.gleam,gleam (default),47,1,style/monospace
Error Messages and Debugging for Beginners,code_14.gleam,gleam (default),58,1,style/monospace
Error Messages and Debugging for Beginners,code_15.gleam,gleam (default),69,1,style/monospace
Error Messages and Debugging for Beginners,code_16.gleam,gleam (default),28,1,style/monospace
Error Messages and Debugging for Beginners,code_17.gleam,gleam (default),45,1,style/monospace
Error Messages and Debugging for Beginners,code_18.gleam,gleam (default),40,1,style/monospace
Error Messages and Debugging for Beginners,code_19.gleam,gleam (default),1,1,style/monospace
Error Messages and Debugging for Beginners,code_20.gleam,gleam (default),42,1,style/monospace
Error Messages and Debugging for Beginners,code_21.gleam,gleam (default),9,1,style/monospace
Error Messages and Debugging for Beginners,code_22.gleam,gleam (default),60,1,style/monospace
Error Messages and Debugging for Beginners,code_23.gleam,gleam (default),38,1,style/monospace
Error Messages and Debugging for Beginners,code_24.gleam,gleam (default),16,1,style/monospace
Error Messages and Debugging for Beginners,code_25.gleam,gleam (default),31,1,style/monospace
Error Messages and Debugging for Beginners,code_26.gleam,gleam (default),13,1,style/monospace
Error Messages and Debugging for Beginners,code_27.gleam,gleam (default),17,1,style/monospace
"Building Your First Mini Project (e.g., Calculator, To-Do App)",code_01.gleam,gleam (default),16,1,style/monospace
"Building Your First Mini Project (e.g., Calculator, To-Do App)",code_02.gleam,gleam (default),13,1,style/monospace
"Building Your First Mini Project (e.g., Calculator, To-Do App)",code_03.gleam,gleam (default),35,1,style/monospace
"Building Your First Mini Project (e.g., Calculator, To-Do App)",code_04.gleam,gleam (default),7,1,style/monospace
"Building Your First Mini Project (e.g., Calculator, To-Do App)",code_05.gleam,gleam (default),1,1,style/monospace
"Building Your First Mini Project (e.g., Calculator, To-Do App)",code_06.gleam,gleam (default),40,1,style/monospace
"Building Your First Mini Project (e.g., Calculator, To-Do App)",code_07.gleam,gleam (default),7,1,style/monospace
"Building Your First Mini Project (e.g., Calculator, To-Do App)",code_08.gleam,gleam (default),1,1,style/monospace
"Building Your First Mini Project (e.g., Calculator, To-Do App)",code_09.gleam,gleam (default),40,1,style/monospace
"Building Your First Mini Project (e.g., Calculator, To-Do App)",code_10.gleam,gleam (default),7,1,style/monospace
"Building Your First Mini Project (e.g., Calculator, To-Do App)",code_11.gleam,gleam (default),1,1,style/monospace
"Building Your First Mini Project (e.g., Calculator, To-Do App)",code_12.gleam,gleam (default),54,1,style/monospace
"Building Your First Mini Project (e.g., Calculator, To-Do App)",code_13.gleam,gleam (default),13,1,style/monospace
"Building Your First Mini Project (e.g., Calculator, To-Do App)",code_14.gleam,gleam (default),51,1,style/monospace
"Building Your First Mini Project (e.g., Calculator, To-Do App)",code_15.gleam,gleam (default),10,1,style/monospace
"Building Your First Mini Project (e.g., Calculator, To-Do App)",code_16.gleam,gleam (default),20,1,style/monospace
"Building Your First Mini Project (e.g., Calculator, To-Do App)",code_17.gleam,gleam (default),3,1,style/monospace
"Building Your First Mini Project (e.g., Calculator, To-Do App)",code_18.gleam,gleam (default),1,1,style/monospace
"Building Your First Mini Project (e.g., Calculator, To-Do App)",code_19.gleam,gleam (default),15,1,style/monospace
"Building Your First Mini Project (e.g., Calculator, To-Do App)",code_20.gleam,gleam (default),19,1,style/monospace
"Building Your First Mini Project (e.g., Calculator, To-Do App)",code_21.gleam,gleam (default),15,1,style/monospace
"Building Your First Mini Project (e.g., Calculator, To-Do App)",code_22.gleam,gleam (default),49,1,style/monospace
"Building Your First Mini Project (e.g., Calculator, To-Do App)",code_23.gleam,gleam (default),49,1,style/monospace
"Building Your First Mini Project (e.g., Calculator, To-Do App)",code_24.gleam,gleam (default),31,1,style/monospace
"Building Your First Mini Project (e.g., Calculator, To-Do App)",code_25.gleam,gleam (default),39,1,style/monospace
"Building Your First Mini Project (e.g., Calculator, To-Do App)",code_26.gleam,gleam (default),34,1,style/monospace
"Building Your First Mini Project (e.g., Calculator, To-Do App)",code_27.gleam,gleam (default),58,1,style/monospace
"Building Your First Mini Project (e.g., Calculator, To-Do App)",code_28.gleam,gleam (default),40,1,style/monospace
"Building Your First Mini Project (e.g., Calculator, To-Do App)",code_29.gleam,gleam (default),35,1,style/monospace
"Building Your First Mini Project (e.g., Calculator, To-Do App)",code_30.gleam,gleam (default),60,1,style/monospace
"Building Your First Mini Project (e.g., Calculator, To-Do App)",code_31.gleam,gleam (default),18,1,style/monospace
"Building Your First Mini Project (e.g., Calculator, To-Do App)",code_32.gleam,gleam (default),78,1,style/monospace
"Building Your First Mini Project (e.g., Calculator, To-Do App)",code_33.gleam,gleam (default),83,1,style/monospace
"Building Your First Mini Project (e.g., Calculator, To-Do App)",code_34.gleam,gleam (default),83,1,style/monospace
"Building Your First Mini Project (e.g., Calculator, To-Do App)",code_35.gleam,gleam (default),47,1,style/monospace
"Building Your First Mini Project (e.g., Calculator, To-Do App)",code_36.gleam,gleam (default),74,1,style/monospace
"Building Your First Mini Project (e.g., Calculator, To-Do App)",code_37.gleam,gleam (default),40,1,style/monospace
"Building Your First Mini Project (e.g., Calculator, To-Do App)",code_38.gleam,gleam (default),5,1,style/monospace
"Building Your First Mini Project (e.g., Calculator, To-Do App)",code_39.gleam,gleam (default),41,1,style/monospace
"Building Your First Mini Project (e.g., Calculator, To-Do App)",code_40.gleam,gleam (default),3,1,style/monospace
"Building Your First Mini Project (e.g., Calculator, To-Do App)",code_41.gleam,gleam (default),1,1,style/monospace
"Building Your First Mini Project (e.g., Calculator, To-Do App)",code_42.gleam,gleam (default),9,1,style/monospace
"Building Your First Mini Project (e.g., Calculator, To-Do App)",code_43.gleam,gleam (default),9,1,style/monospace
"Building Your First Mini Project (e.g., Calculator, To-Do App)",code_44.gleam,gleam (default),21,1,style/monospace
"Building Your First Mini Project (e.g., Calculator, To-Do App)",code_45.gleam,gleam (default),18,1,style/monospace
Common Beginner Mistakes and How to Avoid Them,code_01.gleam,gleam (default),66,1,style/monospace
Common Beginner Mistakes and How to Avoid Them,code_02.gleam,gleam (default),29,1,style/monospace
Common Beginner Mistakes and How to Avoid Them,code_03.gleam,gleam (default),28,1,style/monospace
Common Beginner Mistakes and How to Avoid Them,code_04.gleam,gleam (default),18,1,style/monospace
Common Beginner Mistakes and How to Avoid Them,code_05.gleam,gleam (default),1,1,style/monospace
Common Beginner Mistakes and How to Avoid Them,code_06.gleam,gleam (default),53,1,style/monospace
Common Beginner Mistakes and How to Avoid Them,code_07.gleam,gleam (default),26,1,style/monospace
Common Beginner Mistakes and How to Avoid Them,code_08.gleam,gleam (default),79,1,style/monospace
Common Beginner Mistakes and How to Avoid Them,code_09.gleam,gleam (default),52,1,style/monospace
Common Beginner Mistakes and How to Avoid Them,code_10.gleam,gleam (default),10,1,style/monospace
Common Beginner Mistakes and How to Avoid Them,code_11.gleam,gleam (default),56,1,style/monospace
Common Beginner Mistakes and How to Avoid Them,code_12.gleam,gleam (default),12,1,style/monospace
Common Beginner Mistakes and How to Avoid Them,code_13.gleam,gleam (default),23,1,style/monospace
Common Beginner Mistakes and How to Avoid Them,code_14.gleam,gleam (default),8,1,style/monospace
Common Beginner Mistakes and How to Avoid Them,code_15.gleam,gleam (default),27,1,style/monospace
Common Beginner Mistakes and How to Avoid Them,code_16.gleam,gleam (default),1,1,style/monospace
Common Beginner Mistakes and How to Avoid Them,code_17.gleam,gleam (default),33,1,style/monospace
Common Beginner Mistakes and How to Avoid Them,code_18.gleam,gleam (default),59,1,style/monospace
Common Beginner Mistakes and How to Avoid Them,code_19.gleam,gleam (default),14,1,style/monospace
Common Beginner Mistakes and How to Avoid Them,code_20.gleam,gleam (default),67,1,style/monospace
Common Beginner Mistakes and How to Avoid Them,code_21.gleam,gleam (default),34,1,style/monospace
Common Beginner Mistakes and How to Avoid Them,code_22.gleam,gleam (default),1,1,style/monospace
Common Beginner Mistakes and How to Avoid Them,code_23.gleam,gleam (default),29,1,style/monospace
Common Beginner Mistakes and How to Avoid Them,code_24.gleam,gleam (default),25,1,style/monospace
Common Beginner Mistakes and How to Avoid Them,code_25.gleam,gleam (default),43,1,style/monospace
Common Beginner Mistakes and How to Avoid Them,code_26.gleam,gleam (default),49,1,style/monospace
Common Beginner Mistakes and How to Avoid Them,code_27.gleam,gleam (default),27,1,style/monospace
Common Beginner Mistakes and How to Avoid Them,code_28.gleam,gleam (default),64,1,style/monospace
Common Beginner Mistakes and How to Avoid Them,code_29.gleam,gleam (default),70,1,style/monospace
Common Beginner Mistakes and How to Avoid Them,code_30.gleam,gleam (default),1,1,style/monospace
Common Beginner Mistakes and How to Avoid Them,code_31.gleam,gleam (default),17,1,style/monospace
Common Beginner Mistakes and How to Avoid Them,code_32.gleam,gleam (default),54,1,style/monospace
Common Beginner Mistakes and How to Avoid Them,code_33.gleam,gleam (default),13,1,style/monospace
Common Beginner Mistakes and How to Avoid Them,code_34.gleam,gleam (default),51,1,style/monospace
Common Beginner Mistakes and How to Avoid Them,code_35.gleam,gleam (default),10,1,style/monospace
Common Beginner Mistakes and How to Avoid Them,code_36.gleam,gleam (default),20,1,style/monospace
Common Beginner Mistakes and How to Avoid Them,code_37.gleam,gleam (default),3,1,style/monospace
Common Beginner Mistakes and How to Avoid Them,code_38.gleam,gleam (default),1,1,style/monospace
Common Beginner Mistakes and How to Avoid Them,code_39.gleam,gleam (default),35,1,style/monospace
Common Beginner Mistakes and How to Avoid Them,code_40.gleam,gleam (default),7,1,style/monospace
Common Beginner Mistakes and How to Avoid Them,code_41.gleam,gleam (default),1,1,style/monospace
Common Beginner Mistakes and How to Avoid Them,code_42.gleam,gleam (default),55,1,style/monospace
Common Beginner Mistakes and How to Avoid Them,code_43.gleam,gleam (default),16,1,style/monospace
Common Beginner Mistakes and How to Avoid Them,code_44.gleam,gleam (default),1,1,style/monospace
Next Steps: Preparing for Intermediate Gleam for Beginners,code_01.gleam,gleam (default),40,1,style/monospace
Next Steps: Preparing for Intermediate Gleam for Beginners,code_02.gleam,gleam (default),15,1,style/monospace
Next Steps: Preparing for Intermediate Gleam for Beginners,code_03.gleam,gleam (default),65,1,style/monospace
Next Steps: Preparing for Intermediate Gleam for Beginners,code_04.gleam,gleam (default),65,1,style/monospace
Next Steps: Preparing for Intermediate Gleam for Beginners,code_05.gleam,gleam (default),13,1,style/monospace
Next Steps: Preparing for Intermediate Gleam for Beginners,code_06.gleam,gleam (default),13,1,style/monospace
Next Steps: Preparing for Intermediate Gleam for Beginners,code_07.gleam,gleam (default),1,1,style/monospace
Next Steps: Preparing for Intermediate Gleam for Beginners,code_08.gleam,gleam (default),35,1,style/monospace
Next Steps: Preparing for Intermediate Gleam for Beginners,code_09.gleam,gleam (default),27,1,style/monospace
Next Steps: Preparing for Intermediate Gleam for Beginners,code_10.gleam,gleam (default),1,1,style/monospace
Next Steps: Preparing for Intermediate Gleam for Beginners,code_11.gleam,gleam (default),60,1,style/monospace
Next Steps: Preparing for Intermediate Gleam for Beginners,code_12.gleam,gleam (default),45,1,style/monospace
Next Steps: Preparing for Intermediate Gleam for Beginners,code_13.gleam,gleam (default),6,1,style/monospace
Next Steps: Preparing for Intermediate Gleam for Beginners,code_14.gleam,gleam (default),1,1,style/monospace
Next Steps: Preparing for Intermediate Gleam for Beginners,code_15.gleam,gleam (default),37,1,style/monospace
Next Steps: Preparing for Intermediate Gleam for Beginners,code_16.gleam,gleam (default),7,1,style/monospace
Next Steps: Preparing for Intermediate Gleam for Beginners,code_17.gleam,gleam (default),1,1,style/monospace
Next Steps: Preparing for Intermediate Gleam for Beginners,code_18.gleam,gleam (default),15,1,style/monospace
Next Steps: Preparing for Intermediate Gleam for Beginners,code_19.gleam,gleam (default),40,1,style/monospace
Next Steps: Preparing for Intermediate Gleam for Beginners,code_20.gleam,gleam (default),50,1,style/monospace
Next Steps: Preparing for Intermediate Gleam for Beginners,code_21.gleam,gleam (default),1,1,style/monospace
